year,kpi,doncode,value
2012,KPI_ReachDRER_CPD,DAD001,0
2012,KPI_ReachDRER_CPD,DAF001,2361453
2012,KPI_ReachDRER_CPD,DAG001,0
2012,KPI_ReachDRER_CPD,DAL001,8600
2012,KPI_ReachDRER_CPD,DAM001,0
2012,KPI_ReachDRER_CPD,DAO001,17103
2012,KPI_ReachDRER_CPD,DAR001,20371
2012,KPI_ReachDRER_CPD,DAU001,46877
2012,KPI_ReachDRER_CPD,DAZ001,4008
2012,KPI_ReachDRER_CPD,DBA001,480
2012,KPI_ReachDRER_CPD,DBB001,5940
2012,KPI_ReachDRER_CPD,DBD001,350000
2012,KPI_ReachDRER_CPD,DBE001,438969
2012,KPI_ReachDRER_CPD,DBF001,75000
2012,KPI_ReachDRER_CPD,DBG001,27800
2012,KPI_ReachDRER_CPD,DBI001,128000
2012,KPI_ReachDRER_CPD,DBJ001,36265
2012,KPI_ReachDRER_CPD,DBO001,11400
2012,KPI_ReachDRER_CPD,DBS001,622
2012,KPI_ReachDRER_CPD,DBW001,18435
2012,KPI_ReachDRER_CPD,DBY001,18253
2012,KPI_ReachDRER_CPD,DBZ001,174427
2012,KPI_ReachDRER_CPD,DCA001,2289
2012,KPI_ReachDRER_CPD,DCD001,78200
2012,KPI_ReachDRER_CPD,DCF001,21535
2012,KPI_ReachDRER_CPD,DCG001,1339215
2012,KPI_ReachDRER_CPD,DCI001,7214
2012,KPI_ReachDRER_CPD,DCK001,0
2012,KPI_ReachDRER_CPD,DCL001,92259
2012,KPI_ReachDRER_CPD,DCM001,16430
2012,KPI_ReachDRER_CPD,DCN001,18900000
2012,KPI_ReachDRER_CPD,DCO001,14466768
2012,KPI_ReachDRER_CPD,DRS001,6240
2012,KPI_ReachDRER_CPD,DCU001,223278
2012,KPI_ReachDRER_CPD,DCZ001,0
2012,KPI_ReachDRER_CPD,DDE001,25000
2012,KPI_ReachDRER_CPD,DDK001,5073709
2012,KPI_ReachDRER_CPD,DDM001,3000
2012,KPI_ReachDRER_CPD,DDO001,30000
2012,KPI_ReachDRER_CPD,DDZ001,3
2012,KPI_ReachDRER_CPD,DEC001,74202
2012,KPI_ReachDRER_CPD,DEE001,0
2012,KPI_ReachDRER_CPD,DEG001,475000
2012,KPI_ReachDRER_CPD,DES001,439087
2012,KPI_ReachDRER_CPD,DET001,179923
2012,KPI_ReachDRER_CPD,DFI001,4691
2012,KPI_ReachDRER_CPD,DFJ001,114247
2012,KPI_ReachDRER_CPD,DFM001,53
2012,KPI_ReachDRER_CPD,DGA001,7095
2012,KPI_ReachDRER_CPD,DGB001,106781
2012,KPI_ReachDRER_CPD,DGE001,5300
2012,KPI_ReachDRER_CPD,DGH001,25000
2012,KPI_ReachDRER_CPD,DGM001,57258
2012,KPI_ReachDRER_CPD,DGN001,377800
2012,KPI_ReachDRER_CPD,DGQ001,646
2012,KPI_ReachDRER_CPD,DGT001,30000
2012,KPI_ReachDRER_CPD,DHN001,640540
2012,KPI_ReachDRER_CPD,DHR001,4564
2012,KPI_ReachDRER_CPD,DHT001,102620
2012,KPI_ReachDRER_CPD,DHU001,64674
2012,KPI_ReachDRER_CPD,DIE001,2150
2012,KPI_ReachDRER_CPD,DIQ001,1016896
2012,KPI_ReachDRER_CPD,DIR001,1522284
2012,KPI_ReachDRER_CPD,DIS001,2695
2012,KPI_ReachDRER_CPD,DJM001,1000
2012,KPI_ReachDRER_CPD,DJO001,20024
2012,KPI_ReachDRER_CPD,DJP001,70621
2012,KPI_ReachDRER_CPD,DKE001,10976931
2012,KPI_ReachDRER_CPD,DKG001,4000
2012,KPI_ReachDRER_CPD,DKH001,76945
2012,KPI_ReachDRER_CPD,DKI001,108
2012,KPI_ReachDRER_CPD,DKM001,30000
2012,KPI_ReachDRER_CPD,DKP001,82699
2012,KPI_ReachDRER_CPD,DKR001,459524
2012,KPI_ReachDRER_CPD,DKZ001,3450
2012,KPI_ReachDRER_CPD,DLA001,47520
2012,KPI_ReachDRER_CPD,DLB001,1884
2012,KPI_ReachDRER_CPD,DLC001,102000
2012,KPI_ReachDRER_CPD,DLK001,275000
2012,KPI_ReachDRER_CPD,DLR001,52748
2012,KPI_ReachDRER_CPD,DLS001,8000
2012,KPI_ReachDRER_CPD,DLT001,0
2012,KPI_ReachDRER_CPD,DLY001,1e+06
2012,KPI_ReachDRER_CPD,DMA001,85000
2012,KPI_ReachDRER_CPD,DMC001,0
2012,KPI_ReachDRER_CPD,DMD001,10155
2012,KPI_ReachDRER_CPD,DME001,41500
2012,KPI_ReachDRER_CPD,DMG001,19200
2012,KPI_ReachDRER_CPD,DMK001,13200
2012,KPI_ReachDRER_CPD,DML001,156814
2012,KPI_ReachDRER_CPD,DMM001,122096
2012,KPI_ReachDRER_CPD,DMN001,1000
2012,KPI_ReachDRER_CPD,DMR001,45600
2012,KPI_ReachDRER_CPD,DMT001,10
2012,KPI_ReachDRER_CPD,DMU001,50
2012,KPI_ReachDRER_CPD,DMV001,4456
2012,KPI_ReachDRER_CPD,DMW001,25746
2012,KPI_ReachDRER_CPD,DMX001,130000
2012,KPI_ReachDRER_CPD,DMZ001,350000
2012,KPI_ReachDRER_CPD,DNA001,1115
2012,KPI_ReachDRER_CPD,DNE001,753414
2012,KPI_ReachDRER_CPD,DNG001,115080
2012,KPI_ReachDRER_CPD,DNI001,629164
2012,KPI_ReachDRER_CPD,DNP001,27000
2012,KPI_ReachDRER_CPD,DNZ001,1e+05
2012,KPI_ReachDRER_CPD,DPA001,137000
2012,KPI_ReachDRER_CPD,DPE001,43750
2012,KPI_ReachDRER_CPD,DPG001,33703
2012,KPI_ReachDRER_CPD,DPH001,1878290
2012,KPI_ReachDRER_CPD,DPK001,3e+05
2012,KPI_ReachDRER_CPD,DPL001,4828
2012,KPI_ReachDRER_CPD,DPS001,17589
2012,KPI_ReachDRER_CPD,DPT001,20000
2012,KPI_ReachDRER_CPD,DPW001,1030
2012,KPI_ReachDRER_CPD,DPY001,78713
2012,KPI_ReachDRER_CPD,DQA001,3061217
2012,KPI_ReachDRER_CPD,DRO001,43731
2012,KPI_ReachDRER_CPD,DRU001,150000
2012,KPI_ReachDRER_CPD,DRW001,42600
2012,KPI_ReachDRER_CPD,DSC001,1021
2012,KPI_ReachDRER_CPD,DSD001,589512
2012,KPI_ReachDRER_CPD,DSI001,48000
2012,KPI_ReachDRER_CPD,DSL001,109461
2012,KPI_ReachDRER_CPD,DSN001,2450000
2012,KPI_ReachDRER_CPD,DSO001,1829426
2012,KPI_ReachDRER_CPD,DST001,25
2012,KPI_ReachDRER_CPD,DSV001,65000
2012,KPI_ReachDRER_CPD,DSY001,6e+06
2012,KPI_ReachDRER_CPD,DSZ001,12000
2012,KPI_ReachDRER_CPD,DTD001,289400
2012,KPI_ReachDRER_CPD,DTG001,2396
2012,KPI_ReachDRER_CPD,DTH001,438700
2012,KPI_ReachDRER_CPD,DTJ001,17004
2012,KPI_ReachDRER_CPD,DTL001,1580
2012,KPI_ReachDRER_CPD,DTM001,1617
2012,KPI_ReachDRER_CPD,DTN001,250000
2012,KPI_ReachDRER_CPD,DTR001,728866
2012,KPI_ReachDRER_CPD,DTZ001,150000
2012,KPI_ReachDRER_CPD,DUA001,1634
2012,KPI_ReachDRER_CPD,DUG001,1004822
2012,KPI_ReachDRER_CPD,DUS001,339219
2012,KPI_ReachDRER_CPD,DUY001,3000
2012,KPI_ReachDRER_CPD,DUZ001,300
2012,KPI_ReachDRER_CPD,DVC001,350
2012,KPI_ReachDRER_CPD,DVE001,5000
2012,KPI_ReachDRER_CPD,DVN001,111374
2012,KPI_ReachDRER_CPD,DVU001,60000
2012,KPI_ReachDRER_CPD,DWS001,20088
2012,KPI_ReachDRER_CPD,DYE001,135000
2012,KPI_ReachDRER_CPD,DZM001,5400
2012,KPI_ReachDRER_CPD,DZW001,29089
2012,KPI_ReachLTSPD_CPD,DAD001,4000
2012,KPI_ReachLTSPD_CPD,DAF001,80000
2012,KPI_ReachLTSPD_CPD,DAG001,6000
2012,KPI_ReachLTSPD_CPD,DAL001,15000
2012,KPI_ReachLTSPD_CPD,DAM001,374770
2012,KPI_ReachLTSPD_CPD,DAO001,164782
2012,KPI_ReachLTSPD_CPD,DAR001,612037
2012,KPI_ReachLTSPD_CPD,DAZ001,72632
2012,KPI_ReachLTSPD_CPD,DBA001,12000
2012,KPI_ReachLTSPD_CPD,DBB001,2000
2012,KPI_ReachLTSPD_CPD,DBD001,150000
2012,KPI_ReachLTSPD_CPD,DBE001,1000888
2012,KPI_ReachLTSPD_CPD,DBF001,68282
2012,KPI_ReachLTSPD_CPD,DBG001,746100
2012,KPI_ReachLTSPD_CPD,DBH001,23105
2012,KPI_ReachLTSPD_CPD,DBI001,1900000
2012,KPI_ReachLTSPD_CPD,DBJ001,15700
2012,KPI_ReachLTSPD_CPD,DBO001,5363
2012,KPI_ReachLTSPD_CPD,DBS001,17534
2012,KPI_ReachLTSPD_CPD,DBW001,302137
2012,KPI_ReachLTSPD_CPD,DBY001,251439
2012,KPI_ReachLTSPD_CPD,DBZ001,51480
2012,KPI_ReachLTSPD_CPD,DCA001,145175
2012,KPI_ReachLTSPD_CPD,DCD001,1381802
2012,KPI_ReachLTSPD_CPD,DCF001,2687
2012,KPI_ReachLTSPD_CPD,DCG001,1300000
2012,KPI_ReachLTSPD_CPD,DCI001,3668879
2012,KPI_ReachLTSPD_CPD,DCL001,8931
2012,KPI_ReachLTSPD_CPD,DCM001,6000
2012,KPI_ReachLTSPD_CPD,DCN001,13410000
2012,KPI_ReachLTSPD_CPD,DCO001,562156
2012,KPI_ReachLTSPD_CPD,DRS001,230341
2012,KPI_ReachLTSPD_CPD,DCU001,669836
2012,KPI_ReachLTSPD_CPD,DCZ001,630000
2012,KPI_ReachLTSPD_CPD,DDE001,8155000
2012,KPI_ReachLTSPD_CPD,DDM001,65500
2012,KPI_ReachLTSPD_CPD,DDO001,65500
2012,KPI_ReachLTSPD_CPD,DEC001,397370
2012,KPI_ReachLTSPD_CPD,DEE001,2870
2012,KPI_ReachLTSPD_CPD,DEG001,654407
2012,KPI_ReachLTSPD_CPD,DES001,4347360
2012,KPI_ReachLTSPD_CPD,DET001,86500
2012,KPI_ReachLTSPD_CPD,DFI001,39808
2012,KPI_ReachLTSPD_CPD,DFJ001,16379
2012,KPI_ReachLTSPD_CPD,DFM001,3655
2012,KPI_ReachLTSPD_CPD,DGA001,3403
2012,KPI_ReachLTSPD_CPD,DGE001,6460
2012,KPI_ReachLTSPD_CPD,DGH001,80
2012,KPI_ReachLTSPD_CPD,DGM001,840
2012,KPI_ReachLTSPD_CPD,DGN001,67109
2012,KPI_ReachLTSPD_CPD,DGQ001,1220
2012,KPI_ReachLTSPD_CPD,DGT001,125000
2012,KPI_ReachLTSPD_CPD,DHN001,82600
2012,KPI_ReachLTSPD_CPD,DHR001,288797
2012,KPI_ReachLTSPD_CPD,DHT001,1691304
2012,KPI_ReachLTSPD_CPD,DHU001,510000
2012,KPI_ReachLTSPD_CPD,DIE001,2158
2012,KPI_ReachLTSPD_CPD,DIQ001,12250
2012,KPI_ReachLTSPD_CPD,DIR001,82500
2012,KPI_ReachLTSPD_CPD,DIS001,392783
2012,KPI_ReachLTSPD_CPD,DJM001,114439
2012,KPI_ReachLTSPD_CPD,DJO001,11529
2012,KPI_ReachLTSPD_CPD,DJP001,3201587
2012,KPI_ReachLTSPD_CPD,DKE001,3102018
2012,KPI_ReachLTSPD_CPD,DKG001,0
2012,KPI_ReachLTSPD_CPD,DKH001,2700
2012,KPI_ReachLTSPD_CPD,DKI001,19715
2012,KPI_ReachLTSPD_CPD,DKM001,7422
2012,KPI_ReachLTSPD_CPD,DKP001,140546
2012,KPI_ReachLTSPD_CPD,DKR001,9193697
2012,KPI_ReachLTSPD_CPD,DKZ001,0
2012,KPI_ReachLTSPD_CPD,DLA001,202067
2012,KPI_ReachLTSPD_CPD,DLB001,188356
2012,KPI_ReachLTSPD_CPD,DLC001,11500
2012,KPI_ReachLTSPD_CPD,DLK001,5e+05
2012,KPI_ReachLTSPD_CPD,DLR001,120178
2012,KPI_ReachLTSPD_CPD,DLS001,78563
2012,KPI_ReachLTSPD_CPD,DLT001,29800
2012,KPI_ReachLTSPD_CPD,DLV001,154961
2012,KPI_ReachLTSPD_CPD,DMA001,20000
2012,KPI_ReachLTSPD_CPD,DMC001,0
2012,KPI_ReachLTSPD_CPD,DMD001,20729
2012,KPI_ReachLTSPD_CPD,DME001,14000
2012,KPI_ReachLTSPD_CPD,DMK001,4450
2012,KPI_ReachLTSPD_CPD,DML001,6948600
2012,KPI_ReachLTSPD_CPD,DMM001,83900
2012,KPI_ReachLTSPD_CPD,DMN001,440416
2012,KPI_ReachLTSPD_CPD,DMR001,32416
2012,KPI_ReachLTSPD_CPD,DMT001,10
2012,KPI_ReachLTSPD_CPD,DMV001,1e+05
2012,KPI_ReachLTSPD_CPD,DMZ001,122646
2012,KPI_ReachLTSPD_CPD,DNA001,39156
2012,KPI_ReachLTSPD_CPD,DNE001,85756
2012,KPI_ReachLTSPD_CPD,DNG001,221950
2012,KPI_ReachLTSPD_CPD,DNI001,5599580
2012,KPI_ReachLTSPD_CPD,DNP001,925747
2012,KPI_ReachLTSPD_CPD,DPA001,7500
2012,KPI_ReachLTSPD_CPD,DPE001,40048
2012,KPI_ReachLTSPD_CPD,DPH001,1386256
2012,KPI_ReachLTSPD_CPD,DPL001,12679
2012,KPI_ReachLTSPD_CPD,DPS001,6601
2012,KPI_ReachLTSPD_CPD,DPT001,1616
2012,KPI_ReachLTSPD_CPD,DPW001,337
2012,KPI_ReachLTSPD_CPD,DPY001,33000
2012,KPI_ReachLTSPD_CPD,DQA001,1688642
2012,KPI_ReachLTSPD_CPD,DRU001,70000
2012,KPI_ReachLTSPD_CPD,DRW001,437682
2012,KPI_ReachLTSPD_CPD,DSC001,580
2012,KPI_ReachLTSPD_CPD,DSD001,44607
2012,KPI_ReachLTSPD_CPD,DSI001,200
2012,KPI_ReachLTSPD_CPD,DSL001,69663
2012,KPI_ReachLTSPD_CPD,DSN001,165000
2012,KPI_ReachLTSPD_CPD,DSO001,384661
2012,KPI_ReachLTSPD_CPD,DSR001,1413
2012,KPI_ReachLTSPD_CPD,DST001,110
2012,KPI_ReachLTSPD_CPD,DSV001,22950
2012,KPI_ReachLTSPD_CPD,DSY001,120000
2012,KPI_ReachLTSPD_CPD,DSZ001,0
2012,KPI_ReachLTSPD_CPD,DTD001,3580
2012,KPI_ReachLTSPD_CPD,DTG001,1403265
2012,KPI_ReachLTSPD_CPD,DTH001,50000
2012,KPI_ReachLTSPD_CPD,DTJ001,0
2012,KPI_ReachLTSPD_CPD,DTL001,36510
2012,KPI_ReachLTSPD_CPD,DTM001,139821
2012,KPI_ReachLTSPD_CPD,DTN001,15000
2012,KPI_ReachLTSPD_CPD,DTR001,7742889
2012,KPI_ReachLTSPD_CPD,DTZ001,10000
2012,KPI_ReachLTSPD_CPD,DUA001,162253
2012,KPI_ReachLTSPD_CPD,DUG001,124750
2012,KPI_ReachLTSPD_CPD,DUS001,5795092
2012,KPI_ReachLTSPD_CPD,DUY001,2000
2012,KPI_ReachLTSPD_CPD,DUZ001,7071
2012,KPI_ReachLTSPD_CPD,DVC001,50
2012,KPI_ReachLTSPD_CPD,DVE001,160400
2012,KPI_ReachLTSPD_CPD,DVN001,6512371
2012,KPI_ReachLTSPD_CPD,DVU001,34343
2012,KPI_ReachLTSPD_CPD,DWS001,107563
2012,KPI_ReachLTSPD_CPD,DYE001,34000
2012,KPI_ReachLTSPD_CPD,DZM001,8662
2012,KPI_ReachLTSPD_CPD,DZW001,170500
2012,KPI_DonBlood_Tot,DAD001,1000
2012,KPI_DonBlood_Tot,DAF001,3190
2012,KPI_DonBlood_Tot,DAG001,70
2012,KPI_DonBlood_Tot,DAL001,0
2012,KPI_DonBlood_Tot,DAM001,0
2012,KPI_DonBlood_Tot,DAO001,1698
2012,KPI_DonBlood_Tot,DAR001,0
2012,KPI_DonBlood_Tot,DAT001,260291
2012,KPI_DonBlood_Tot,DAU001,602200
2012,KPI_DonBlood_Tot,DAZ001,5000
2012,KPI_DonBlood_Tot,DBA001,5000
2012,KPI_DonBlood_Tot,DBB001,0
2012,KPI_DonBlood_Tot,DBD001,17800
2012,KPI_DonBlood_Tot,DBE001,297006
2012,KPI_DonBlood_Tot,DBF001,87
2012,KPI_DonBlood_Tot,DBG001,131630
2012,KPI_DonBlood_Tot,DBH001,16808
2012,KPI_DonBlood_Tot,DBI001,12880
2012,KPI_DonBlood_Tot,DBJ001,6500
2012,KPI_DonBlood_Tot,DBN001,0
2012,KPI_DonBlood_Tot,DBO001,0
2012,KPI_DonBlood_Tot,DBR001,0
2012,KPI_DonBlood_Tot,DBS001,0
2012,KPI_DonBlood_Tot,DBW001,0
2012,KPI_DonBlood_Tot,DBY001,0
2012,KPI_DonBlood_Tot,DBZ001,0
2012,KPI_DonBlood_Tot,DCA001,0
2012,KPI_DonBlood_Tot,DCD001,0
2012,KPI_DonBlood_Tot,DCF001,0
2012,KPI_DonBlood_Tot,DCG001,200
2012,KPI_DonBlood_Tot,DCH001,225576
2012,KPI_DonBlood_Tot,DCI001,875
2012,KPI_DonBlood_Tot,DCK001,219
2012,KPI_DonBlood_Tot,DCM001,0
2012,KPI_DonBlood_Tot,DCO001,126131
2012,KPI_DonBlood_Tot,DRS001,241471
2012,KPI_DonBlood_Tot,DCU001,3000
2012,KPI_DonBlood_Tot,DCV001,550
2012,KPI_DonBlood_Tot,DCY001,4000
2012,KPI_DonBlood_Tot,DCZ001,357900
2012,KPI_DonBlood_Tot,DDE001,1848280
2012,KPI_DonBlood_Tot,DDK001,0
2012,KPI_DonBlood_Tot,DDM001,114
2012,KPI_DonBlood_Tot,DDO001,41313
2012,KPI_DonBlood_Tot,DEC001,134982
2012,KPI_DonBlood_Tot,DEE001,0
2012,KPI_DonBlood_Tot,DEG001,69737
2012,KPI_DonBlood_Tot,DES001,101259
2012,KPI_DonBlood_Tot,DET001,0
2012,KPI_DonBlood_Tot,DFI001,142665
2012,KPI_DonBlood_Tot,DFJ001,249
2012,KPI_DonBlood_Tot,DFM001,25
2012,KPI_DonBlood_Tot,DFR001,0
2012,KPI_DonBlood_Tot,DGA001,0
2012,KPI_DonBlood_Tot,DGB001,0
2012,KPI_DonBlood_Tot,DGD001,0
2012,KPI_DonBlood_Tot,DGE001,223
2012,KPI_DonBlood_Tot,DGH001,500
2012,KPI_DonBlood_Tot,DGM001,530
2012,KPI_DonBlood_Tot,DGN001,1500
2012,KPI_DonBlood_Tot,DGQ001,40
2012,KPI_DonBlood_Tot,DGT001,1624
2012,KPI_DonBlood_Tot,DGW001,0
2012,KPI_DonBlood_Tot,DGY001,172
2012,KPI_DonBlood_Tot,DHN001,33878
2012,KPI_DonBlood_Tot,DHR001,172715
2012,KPI_DonBlood_Tot,DHT001,12089
2012,KPI_DonBlood_Tot,DHU001,270000
2012,KPI_DonBlood_Tot,DIE001,0
2012,KPI_DonBlood_Tot,DIQ001,593
2012,KPI_DonBlood_Tot,DIR001,129474
2012,KPI_DonBlood_Tot,DIS001,0
2012,KPI_DonBlood_Tot,DIT001,0
2012,KPI_DonBlood_Tot,DJM001,20
2012,KPI_DonBlood_Tot,DJO001,0
2012,KPI_DonBlood_Tot,DJP001,5271103
2012,KPI_DonBlood_Tot,DKE001,58625
2012,KPI_DonBlood_Tot,DKG001,0
2012,KPI_DonBlood_Tot,DKH001,0
2012,KPI_DonBlood_Tot,DKI001,88
2012,KPI_DonBlood_Tot,DKM001,125
2012,KPI_DonBlood_Tot,DKN001,0
2012,KPI_DonBlood_Tot,DKP001,97228
2012,KPI_DonBlood_Tot,DKR001,2542495
2012,KPI_DonBlood_Tot,DKZ001,0
2012,KPI_DonBlood_Tot,DLA001,29037
2012,KPI_DonBlood_Tot,DLB001,36185
2012,KPI_DonBlood_Tot,DLC001,75
2012,KPI_DonBlood_Tot,DLI001,1006
2012,KPI_DonBlood_Tot,DLK001,7400
2012,KPI_DonBlood_Tot,DLR001,0
2012,KPI_DonBlood_Tot,DLS001,0
2012,KPI_DonBlood_Tot,DLT001,0
2012,KPI_DonBlood_Tot,DLU001,13704
2012,KPI_DonBlood_Tot,DLV001,10637
2012,KPI_DonBlood_Tot,DLY001,4069
2012,KPI_DonBlood_Tot,DMA001,13000
2012,KPI_DonBlood_Tot,DMC001,0
2012,KPI_DonBlood_Tot,DMD001,0
2012,KPI_DonBlood_Tot,DME001,6459
2012,KPI_DonBlood_Tot,DMG001,82
2012,KPI_DonBlood_Tot,DMK001,54687
2012,KPI_DonBlood_Tot,DML001,0
2012,KPI_DonBlood_Tot,DMM001,3753
2012,KPI_DonBlood_Tot,DMN001,20853
2012,KPI_DonBlood_Tot,DMR001,6
2012,KPI_DonBlood_Tot,DMT001,5
2012,KPI_DonBlood_Tot,DMU001,0
2012,KPI_DonBlood_Tot,DMV001,0
2012,KPI_DonBlood_Tot,DMW001,0
2012,KPI_DonBlood_Tot,DMZ001,0
2012,KPI_DonBlood_Tot,DNA001,0
2012,KPI_DonBlood_Tot,DNE001,200
2012,KPI_DonBlood_Tot,DNG001,2120
2012,KPI_DonBlood_Tot,DNI001,72988
2012,KPI_DonBlood_Tot,DNL001,0
2012,KPI_DonBlood_Tot,DNO001,1e+05
2012,KPI_DonBlood_Tot,DNP001,177195
2012,KPI_DonBlood_Tot,DPA001,0
2012,KPI_DonBlood_Tot,DPE001,0
2012,KPI_DonBlood_Tot,DPG001,177
2012,KPI_DonBlood_Tot,DPH001,107759
2012,KPI_DonBlood_Tot,DPK001,20000
2012,KPI_DonBlood_Tot,DPL001,98694
2012,KPI_DonBlood_Tot,DPS001,0
2012,KPI_DonBlood_Tot,DPT001,0
2012,KPI_DonBlood_Tot,DPW001,897
2012,KPI_DonBlood_Tot,DQA001,0
2012,KPI_DonBlood_Tot,DRO001,0
2012,KPI_DonBlood_Tot,DRW001,4902
2012,KPI_DonBlood_Tot,DSA001,0
2012,KPI_DonBlood_Tot,DSC001,75
2012,KPI_DonBlood_Tot,DSD001,1500
2012,KPI_DonBlood_Tot,DSE001,0
2012,KPI_DonBlood_Tot,DSG001,108593
2012,KPI_DonBlood_Tot,DSI001,92760
2012,KPI_DonBlood_Tot,DSK001,216560
2012,KPI_DonBlood_Tot,DSL001,3500
2012,KPI_DonBlood_Tot,DSM001,0
2012,KPI_DonBlood_Tot,DSN001,120
2012,KPI_DonBlood_Tot,DSO001,0
2012,KPI_DonBlood_Tot,DSR001,6150
2012,KPI_DonBlood_Tot,DST001,25
2012,KPI_DonBlood_Tot,DSV001,21476
2012,KPI_DonBlood_Tot,DSY001,0
2012,KPI_DonBlood_Tot,DSZ001,0
2012,KPI_DonBlood_Tot,DTD001,500
2012,KPI_DonBlood_Tot,DTG001,0
2012,KPI_DonBlood_Tot,DTH001,356329
2012,KPI_DonBlood_Tot,DTJ001,0
2012,KPI_DonBlood_Tot,DTL001,0
2012,KPI_DonBlood_Tot,DTM001,0
2012,KPI_DonBlood_Tot,DTN001,1500
2012,KPI_DonBlood_Tot,DTO001,983
2012,KPI_DonBlood_Tot,DTR001,1469807
2012,KPI_DonBlood_Tot,DTT001,32
2012,KPI_DonBlood_Tot,DTZ001,120000
2012,KPI_DonBlood_Tot,DUG001,163322
2012,KPI_DonBlood_Tot,DUS001,3452500
2012,KPI_DonBlood_Tot,DUY001,0
2012,KPI_DonBlood_Tot,DUZ001,928
2012,KPI_DonBlood_Tot,DVC001,2
2012,KPI_DonBlood_Tot,DVE001,520
2012,KPI_DonBlood_Tot,DVN001,801008
2012,KPI_DonBlood_Tot,DVU001,0
2012,KPI_DonBlood_Tot,DWS001,4395
2012,KPI_DonBlood_Tot,DYE001,0
2012,KPI_DonBlood_Tot,DZM001,60
2012,KPI_DonBlood_Tot,DZW001,343
2012,KPI_PeopleVol_Tot,DAD001,145
2012,KPI_PeopleVol_Tot,DAF001,22500
2012,KPI_PeopleVol_Tot,DAG001,65
2012,KPI_PeopleVol_Tot,DAL001,2480
2012,KPI_PeopleVol_Tot,DAM001,3500
2012,KPI_PeopleVol_Tot,DAO001,3600
2012,KPI_PeopleVol_Tot,DAR001,4572
2012,KPI_PeopleVol_Tot,DAT001,59980
2012,KPI_PeopleVol_Tot,DAU001,34989
2012,KPI_PeopleVol_Tot,DAZ001,10208
2012,KPI_PeopleVol_Tot,DBA001,70000
2012,KPI_PeopleVol_Tot,DBB001,700
2012,KPI_PeopleVol_Tot,DBD001,20000
2012,KPI_PeopleVol_Tot,DBE001,24337
2012,KPI_PeopleVol_Tot,DBF001,2800
2012,KPI_PeopleVol_Tot,DBG001,19982
2012,KPI_PeopleVol_Tot,DBH001,77
2012,KPI_PeopleVol_Tot,DBI001,450000
2012,KPI_PeopleVol_Tot,DBJ001,11760
2012,KPI_PeopleVol_Tot,DBO001,600
2012,KPI_PeopleVol_Tot,DBR001,15000
2012,KPI_PeopleVol_Tot,DBS001,110
2012,KPI_PeopleVol_Tot,DBW001,1249
2012,KPI_PeopleVol_Tot,DBY001,21546
2012,KPI_PeopleVol_Tot,DBZ001,516
2012,KPI_PeopleVol_Tot,DCA001,20000
2012,KPI_PeopleVol_Tot,DCD001,96400
2012,KPI_PeopleVol_Tot,DCF001,9200
2012,KPI_PeopleVol_Tot,DCG001,8000
2012,KPI_PeopleVol_Tot,DCH001,72678
2012,KPI_PeopleVol_Tot,DCI001,12800
2012,KPI_PeopleVol_Tot,DCK001,100
2012,KPI_PeopleVol_Tot,DCL001,4059
2012,KPI_PeopleVol_Tot,DCM001,15464
2012,KPI_PeopleVol_Tot,DCO001,37245
2012,KPI_PeopleVol_Tot,DCR001,6658
2012,KPI_PeopleVol_Tot,DRS001,60000
2012,KPI_PeopleVol_Tot,DCU001,44312
2012,KPI_PeopleVol_Tot,DCV001,3000
2012,KPI_PeopleVol_Tot,DCY001,5400
2012,KPI_PeopleVol_Tot,DCZ001,2498
2012,KPI_PeopleVol_Tot,DDE001,398000
2012,KPI_PeopleVol_Tot,DDJ001,253
2012,KPI_PeopleVol_Tot,DDK001,28500
2012,KPI_PeopleVol_Tot,DDM001,232
2012,KPI_PeopleVol_Tot,DDO001,14045
2012,KPI_PeopleVol_Tot,DDZ001,76
2012,KPI_PeopleVol_Tot,DEC001,5910
2012,KPI_PeopleVol_Tot,DEE001,432
2012,KPI_PeopleVol_Tot,DEG001,10000
2012,KPI_PeopleVol_Tot,DES001,204833
2012,KPI_PeopleVol_Tot,DET001,45136
2012,KPI_PeopleVol_Tot,DFI001,26078
2012,KPI_PeopleVol_Tot,DFJ001,6
2012,KPI_PeopleVol_Tot,DFM001,34
2012,KPI_PeopleVol_Tot,DFR001,53860
2012,KPI_PeopleVol_Tot,DGA001,2456
2012,KPI_PeopleVol_Tot,DGB001,31859
2012,KPI_PeopleVol_Tot,DGD001,800
2012,KPI_PeopleVol_Tot,DGE001,15000
2012,KPI_PeopleVol_Tot,DGH001,56000
2012,KPI_PeopleVol_Tot,DGM001,3186
2012,KPI_PeopleVol_Tot,DGN001,5000
2012,KPI_PeopleVol_Tot,DGQ001,32
2012,KPI_PeopleVol_Tot,DGR001,24832
2012,KPI_PeopleVol_Tot,DGT001,1039
2012,KPI_PeopleVol_Tot,DGW001,1415
2012,KPI_PeopleVol_Tot,DGY001,1234
2012,KPI_PeopleVol_Tot,DHN001,1990
2012,KPI_PeopleVol_Tot,DHR001,25544
2012,KPI_PeopleVol_Tot,DHT001,15000
2012,KPI_PeopleVol_Tot,DHU001,40254
2012,KPI_PeopleVol_Tot,DID001,1422931
2012,KPI_PeopleVol_Tot,DIE001,5296
2012,KPI_PeopleVol_Tot,DIN001,2500000
2012,KPI_PeopleVol_Tot,DIQ001,4320
2012,KPI_PeopleVol_Tot,DIR001,2490966
2012,KPI_PeopleVol_Tot,DIS001,4624
2012,KPI_PeopleVol_Tot,DIT001,149177
2012,KPI_PeopleVol_Tot,DJM001,9000
2012,KPI_PeopleVol_Tot,DJO001,330
2012,KPI_PeopleVol_Tot,DJP001,2203888
2012,KPI_PeopleVol_Tot,DKE001,72109
2012,KPI_PeopleVol_Tot,DKG001,2025
2012,KPI_PeopleVol_Tot,DKH001,18432
2012,KPI_PeopleVol_Tot,DKI001,77
2012,KPI_PeopleVol_Tot,DKM001,8500
2012,KPI_PeopleVol_Tot,DKN001,50
2012,KPI_PeopleVol_Tot,DKP001,102574
2012,KPI_PeopleVol_Tot,DKR001,126130
2012,KPI_PeopleVol_Tot,DKZ001,4750
2012,KPI_PeopleVol_Tot,DLA001,3295
2012,KPI_PeopleVol_Tot,DLB001,7500
2012,KPI_PeopleVol_Tot,DLC001,2050
2012,KPI_PeopleVol_Tot,DLI001,0
2012,KPI_PeopleVol_Tot,DLK001,3000
2012,KPI_PeopleVol_Tot,DLR001,3500
2012,KPI_PeopleVol_Tot,DLS001,857
2012,KPI_PeopleVol_Tot,DLT001,1196
2012,KPI_PeopleVol_Tot,DLU001,15000
2012,KPI_PeopleVol_Tot,DLV001,1363
2012,KPI_PeopleVol_Tot,DLY001,3000
2012,KPI_PeopleVol_Tot,DMA001,40000
2012,KPI_PeopleVol_Tot,DMC001,417
2012,KPI_PeopleVol_Tot,DMD001,1800
2012,KPI_PeopleVol_Tot,DME001,1775
2012,KPI_PeopleVol_Tot,DMG001,6828
2012,KPI_PeopleVol_Tot,DMK001,7199
2012,KPI_PeopleVol_Tot,DML001,6400
2012,KPI_PeopleVol_Tot,DMM001,8121
2012,KPI_PeopleVol_Tot,DMN001,15000
2012,KPI_PeopleVol_Tot,DMR001,573
2012,KPI_PeopleVol_Tot,DMT001,60
2012,KPI_PeopleVol_Tot,DMU001,405
2012,KPI_PeopleVol_Tot,DMV001,113
2012,KPI_PeopleVol_Tot,DMW001,30000
2012,KPI_PeopleVol_Tot,DMX001,42884
2012,KPI_PeopleVol_Tot,DMY001,30000
2012,KPI_PeopleVol_Tot,DMZ001,5586
2012,KPI_PeopleVol_Tot,DNA001,4500
2012,KPI_PeopleVol_Tot,DNE001,5493
2012,KPI_PeopleVol_Tot,DNG001,564200
2012,KPI_PeopleVol_Tot,DNI001,2548
2012,KPI_PeopleVol_Tot,DNL001,32313
2012,KPI_PeopleVol_Tot,DNO001,40000
2012,KPI_PeopleVol_Tot,DNP001,20681
2012,KPI_PeopleVol_Tot,DNZ001,15390
2012,KPI_PeopleVol_Tot,DPA001,3800
2012,KPI_PeopleVol_Tot,DPE001,2030
2012,KPI_PeopleVol_Tot,DPG001,250
2012,KPI_PeopleVol_Tot,DPH001,69828
2012,KPI_PeopleVol_Tot,DPK001,253000
2012,KPI_PeopleVol_Tot,DPL001,115941
2012,KPI_PeopleVol_Tot,DPS001,5600
2012,KPI_PeopleVol_Tot,DPT001,12000
2012,KPI_PeopleVol_Tot,DPW001,250
2012,KPI_PeopleVol_Tot,DPY001,2500
2012,KPI_PeopleVol_Tot,DQA001,1124
2012,KPI_PeopleVol_Tot,DRO001,6495
2012,KPI_PeopleVol_Tot,DRU001,5700
2012,KPI_PeopleVol_Tot,DRW001,12255
2012,KPI_PeopleVol_Tot,DSB001,600
2012,KPI_PeopleVol_Tot,DSC001,100
2012,KPI_PeopleVol_Tot,DSD001,201920
2012,KPI_PeopleVol_Tot,DSE001,31500
2012,KPI_PeopleVol_Tot,DSG001,5000
2012,KPI_PeopleVol_Tot,DSI001,14738
2012,KPI_PeopleVol_Tot,DSK001,13585
2012,KPI_PeopleVol_Tot,DSL001,7422
2012,KPI_PeopleVol_Tot,DSM001,80
2012,KPI_PeopleVol_Tot,DSN001,20000
2012,KPI_PeopleVol_Tot,DSO001,4600
2012,KPI_PeopleVol_Tot,DSR001,261
2012,KPI_PeopleVol_Tot,DST001,96
2012,KPI_PeopleVol_Tot,DSV001,2124
2012,KPI_PeopleVol_Tot,DSY001,3000
2012,KPI_PeopleVol_Tot,DSZ001,669
2012,KPI_PeopleVol_Tot,DTD001,3657
2012,KPI_PeopleVol_Tot,DTG001,52815
2012,KPI_PeopleVol_Tot,DTH001,37000
2012,KPI_PeopleVol_Tot,DTJ001,6760
2012,KPI_PeopleVol_Tot,DTL001,3085
2012,KPI_PeopleVol_Tot,DTM001,3103
2012,KPI_PeopleVol_Tot,DTN001,2000
2012,KPI_PeopleVol_Tot,DTO001,300
2012,KPI_PeopleVol_Tot,DTR001,11367
2012,KPI_PeopleVol_Tot,DTT001,187
2012,KPI_PeopleVol_Tot,DTZ001,30000
2012,KPI_PeopleVol_Tot,DUA001,60000
2012,KPI_PeopleVol_Tot,DUG001,346000
2012,KPI_PeopleVol_Tot,DUS001,501208
2012,KPI_PeopleVol_Tot,DUY001,500
2012,KPI_PeopleVol_Tot,DUZ001,35925
2012,KPI_PeopleVol_Tot,DVC001,343
2012,KPI_PeopleVol_Tot,DVE001,2269
2012,KPI_PeopleVol_Tot,DVN001,301226
2012,KPI_PeopleVol_Tot,DVU001,600
2012,KPI_PeopleVol_Tot,DWS001,385
2012,KPI_PeopleVol_Tot,DYE001,12000
2012,KPI_PeopleVol_Tot,DZM001,3500
2012,KPI_PeopleVol_Tot,DZW001,2164
2012,KPI_PStaff_Tot,DAD001,17
2012,KPI_PStaff_Tot,DAF001,1687
2012,KPI_PStaff_Tot,DAG001,1
2012,KPI_PStaff_Tot,DAL001,49
2012,KPI_PStaff_Tot,DAM001,70
2012,KPI_PStaff_Tot,DAO001,134
2012,KPI_PStaff_Tot,DAR001,1891
2012,KPI_PStaff_Tot,DAT001,7222
2012,KPI_PStaff_Tot,DAU001,2962
2012,KPI_PStaff_Tot,DAZ001,263
2012,KPI_PStaff_Tot,DBA001,350
2012,KPI_PStaff_Tot,DBB001,7
2012,KPI_PStaff_Tot,DBD001,1506
2012,KPI_PStaff_Tot,DBE001,2643
2012,KPI_PStaff_Tot,DBF001,200
2012,KPI_PStaff_Tot,DBG001,432
2012,KPI_PStaff_Tot,DBH001,30
2012,KPI_PStaff_Tot,DBI001,177
2012,KPI_PStaff_Tot,DBJ001,24
2012,KPI_PStaff_Tot,DBN001,0
2012,KPI_PStaff_Tot,DBO001,25
2012,KPI_PStaff_Tot,DBR001,16
2012,KPI_PStaff_Tot,DBS001,7
2012,KPI_PStaff_Tot,DBW001,75
2012,KPI_PStaff_Tot,DBY001,330
2012,KPI_PStaff_Tot,DBZ001,24
2012,KPI_PStaff_Tot,DCA001,2600
2012,KPI_PStaff_Tot,DCD001,93
2012,KPI_PStaff_Tot,DCF001,17
2012,KPI_PStaff_Tot,DCG001,46
2012,KPI_PStaff_Tot,DCH001,3964
2012,KPI_PStaff_Tot,DCI001,160
2012,KPI_PStaff_Tot,DCK001,11
2012,KPI_PStaff_Tot,DCL001,69
2012,KPI_PStaff_Tot,DCM001,26
2012,KPI_PStaff_Tot,DCO001,3000
2012,KPI_PStaff_Tot,DCR001,1068
2012,KPI_PStaff_Tot,DRS001,820
2012,KPI_PStaff_Tot,DCU001,210
2012,KPI_PStaff_Tot,DCV001,150
2012,KPI_PStaff_Tot,DCY001,23
2012,KPI_PStaff_Tot,DCZ001,571
2012,KPI_PStaff_Tot,DDE001,142723
2012,KPI_PStaff_Tot,DDK001,795
2012,KPI_PStaff_Tot,DDM001,3
2012,KPI_PStaff_Tot,DDO001,224
2012,KPI_PStaff_Tot,DDZ001,75
2012,KPI_PStaff_Tot,DEC001,704
2012,KPI_PStaff_Tot,DEE001,37
2012,KPI_PStaff_Tot,DEG001,2284
2012,KPI_PStaff_Tot,DES001,9295
2012,KPI_PStaff_Tot,DET001,1338
2012,KPI_PStaff_Tot,DFI001,877
2012,KPI_PStaff_Tot,DFJ001,31
2012,KPI_PStaff_Tot,DFM001,7
2012,KPI_PStaff_Tot,DFR001,18122
2012,KPI_PStaff_Tot,DGA001,37
2012,KPI_PStaff_Tot,DGB001,3624
2012,KPI_PStaff_Tot,DGD001,3
2012,KPI_PStaff_Tot,DGE001,69
2012,KPI_PStaff_Tot,DGH001,40
2012,KPI_PStaff_Tot,DGM001,21
2012,KPI_PStaff_Tot,DGN001,20
2012,KPI_PStaff_Tot,DGT001,125
2012,KPI_PStaff_Tot,DGW001,13
2012,KPI_PStaff_Tot,DGY001,55
2012,KPI_PStaff_Tot,DHN001,160
2012,KPI_PStaff_Tot,DHR001,1213
2012,KPI_PStaff_Tot,DHT001,457
2012,KPI_PStaff_Tot,DHU001,1160
2012,KPI_PStaff_Tot,DID001,2390
2012,KPI_PStaff_Tot,DIE001,68
2012,KPI_PStaff_Tot,DIQ001,2197
2012,KPI_PStaff_Tot,DIR001,7000
2012,KPI_PStaff_Tot,DIS001,86
2012,KPI_PStaff_Tot,DIT001,4000
2012,KPI_PStaff_Tot,DJM001,61
2012,KPI_PStaff_Tot,DJO001,193
2012,KPI_PStaff_Tot,DJP001,63942
2012,KPI_PStaff_Tot,DKE001,772
2012,KPI_PStaff_Tot,DKG001,165
2012,KPI_PStaff_Tot,DKH001,542
2012,KPI_PStaff_Tot,DKI001,9
2012,KPI_PStaff_Tot,DKM001,13
2012,KPI_PStaff_Tot,DKN001,1
2012,KPI_PStaff_Tot,DKP001,158
2012,KPI_PStaff_Tot,DKR001,3226
2012,KPI_PStaff_Tot,DKW001,106
2012,KPI_PStaff_Tot,DKZ001,189
2012,KPI_PStaff_Tot,DLA001,300
2012,KPI_PStaff_Tot,DLB001,150
2012,KPI_PStaff_Tot,DLC001,3
2012,KPI_PStaff_Tot,DLI001,18
2012,KPI_PStaff_Tot,DLK001,355
2012,KPI_PStaff_Tot,DLR001,145
2012,KPI_PStaff_Tot,DLS001,83
2012,KPI_PStaff_Tot,DLT001,89
2012,KPI_PStaff_Tot,DLU001,1776
2012,KPI_PStaff_Tot,DLV001,443
2012,KPI_PStaff_Tot,DLY001,800
2012,KPI_PStaff_Tot,DMA001,840
2012,KPI_PStaff_Tot,DMC001,48
2012,KPI_PStaff_Tot,DMD001,43
2012,KPI_PStaff_Tot,DME001,64
2012,KPI_PStaff_Tot,DMG001,77
2012,KPI_PStaff_Tot,DMK001,138
2012,KPI_PStaff_Tot,DML001,185
2012,KPI_PStaff_Tot,DMM001,337
2012,KPI_PStaff_Tot,DMN001,234
2012,KPI_PStaff_Tot,DMR001,45
2012,KPI_PStaff_Tot,DMT001,23
2012,KPI_PStaff_Tot,DMU001,24
2012,KPI_PStaff_Tot,DMV001,28
2012,KPI_PStaff_Tot,DMW001,121
2012,KPI_PStaff_Tot,DMX001,5773
2012,KPI_PStaff_Tot,DMZ001,249
2012,KPI_PStaff_Tot,DNA001,143
2012,KPI_PStaff_Tot,DNE001,164
2012,KPI_PStaff_Tot,DNG001,35
2012,KPI_PStaff_Tot,DNI001,316
2012,KPI_PStaff_Tot,DNL001,501
2012,KPI_PStaff_Tot,DNO001,450
2012,KPI_PStaff_Tot,DNP001,255
2012,KPI_PStaff_Tot,DNZ001,475
2012,KPI_PStaff_Tot,DPA001,57
2012,KPI_PStaff_Tot,DPE001,85
2012,KPI_PStaff_Tot,DPG001,40
2012,KPI_PStaff_Tot,DPH001,1500
2012,KPI_PStaff_Tot,DPK001,2220
2012,KPI_PStaff_Tot,DPL001,902
2012,KPI_PStaff_Tot,DPS001,4200
2012,KPI_PStaff_Tot,DPT001,1870
2012,KPI_PStaff_Tot,DPW001,3
2012,KPI_PStaff_Tot,DPY001,345
2012,KPI_PStaff_Tot,DQA001,266
2012,KPI_PStaff_Tot,DRO001,211
2012,KPI_PStaff_Tot,DRU001,50
2012,KPI_PStaff_Tot,DRW001,102
2012,KPI_PStaff_Tot,DSB001,45
2012,KPI_PStaff_Tot,DSC001,9
2012,KPI_PStaff_Tot,DSD001,488
2012,KPI_PStaff_Tot,DSE001,254
2012,KPI_PStaff_Tot,DSG001,140
2012,KPI_PStaff_Tot,DSI001,73
2012,KPI_PStaff_Tot,DSL001,119
2012,KPI_PStaff_Tot,DSM001,0
2012,KPI_PStaff_Tot,DSN001,126
2012,KPI_PStaff_Tot,DSO001,576
2012,KPI_PStaff_Tot,DSR001,39
2012,KPI_PStaff_Tot,DST001,16
2012,KPI_PStaff_Tot,DSV001,221
2012,KPI_PStaff_Tot,DSY001,1000
2012,KPI_PStaff_Tot,DSZ001,73
2012,KPI_PStaff_Tot,DTD001,78
2012,KPI_PStaff_Tot,DTG001,113
2012,KPI_PStaff_Tot,DTH001,7639
2012,KPI_PStaff_Tot,DTJ001,198
2012,KPI_PStaff_Tot,DTL001,143
2012,KPI_PStaff_Tot,DTM001,187
2012,KPI_PStaff_Tot,DTN001,10
2012,KPI_PStaff_Tot,DTO001,20
2012,KPI_PStaff_Tot,DTR001,3480
2012,KPI_PStaff_Tot,DTT001,24
2012,KPI_PStaff_Tot,DTZ001,300
2012,KPI_PStaff_Tot,DUA001,4000
2012,KPI_PStaff_Tot,DUG001,181
2012,KPI_PStaff_Tot,DUS001,31424
2012,KPI_PStaff_Tot,DUY001,10
2012,KPI_PStaff_Tot,DUZ001,616
2012,KPI_PStaff_Tot,DVC001,2
2012,KPI_PStaff_Tot,DVE001,1300
2012,KPI_PStaff_Tot,DVN001,17705
2012,KPI_PStaff_Tot,DVU001,46
2012,KPI_PStaff_Tot,DWS001,30
2012,KPI_PStaff_Tot,DYE001,280
2012,KPI_PStaff_Tot,DZM001,23
2012,KPI_PStaff_Tot,DZW001,104
2012,KPI_noLocalUnits,DAD001,1
2012,KPI_noLocalUnits,DAE001,11
2012,KPI_noLocalUnits,DAF001,41
2012,KPI_noLocalUnits,DAG001,35
2012,KPI_noLocalUnits,DAL001,39
2012,KPI_noLocalUnits,DAM001,66
2012,KPI_noLocalUnits,DAO001,18
2012,KPI_noLocalUnits,DAR001,63
2012,KPI_noLocalUnits,DAT001,991
2012,KPI_noLocalUnits,DAU001,686
2012,KPI_noLocalUnits,DAZ001,90
2012,KPI_noLocalUnits,DBA001,142
2012,KPI_noLocalUnits,DBB001,2
2012,KPI_noLocalUnits,DBD001,69
2012,KPI_noLocalUnits,DBE001,380
2012,KPI_noLocalUnits,DBF001,45
2012,KPI_noLocalUnits,DBG001,35
2012,KPI_noLocalUnits,DBH001,1
2012,KPI_noLocalUnits,DBI001,2814
2012,KPI_noLocalUnits,DBJ001,64
2012,KPI_noLocalUnits,DBO001,30
2012,KPI_noLocalUnits,DBR001,63
2012,KPI_noLocalUnits,DBS001,2
2012,KPI_noLocalUnits,DBW001,26
2012,KPI_noLocalUnits,DBY001,162
2012,KPI_noLocalUnits,DBZ001,8
2012,KPI_noLocalUnits,DCA001,38
2012,KPI_noLocalUnits,DCD001,11
2012,KPI_noLocalUnits,DCF001,78
2012,KPI_noLocalUnits,DCG001,41
2012,KPI_noLocalUnits,DCH001,83
2012,KPI_noLocalUnits,DCI001,76
2012,KPI_noLocalUnits,DCK001,13
2012,KPI_noLocalUnits,DCL001,156
2012,KPI_noLocalUnits,DCM001,340
2012,KPI_noLocalUnits,DCO001,229
2012,KPI_noLocalUnits,DCR001,120
2012,KPI_noLocalUnits,DRS001,186
2012,KPI_noLocalUnits,DCU001,115
2012,KPI_noLocalUnits,DCV001,20
2012,KPI_noLocalUnits,DCY001,6
2012,KPI_noLocalUnits,DCZ001,73
2012,KPI_noLocalUnits,DDE001,5085
2012,KPI_noLocalUnits,DDK001,220
2012,KPI_noLocalUnits,DDM001,27
2012,KPI_noLocalUnits,DDO001,127
2012,KPI_noLocalUnits,DDZ001,48
2012,KPI_noLocalUnits,DEC001,24
2012,KPI_noLocalUnits,DEE001,16
2012,KPI_noLocalUnits,DEG001,79
2012,KPI_noLocalUnits,DES001,795
2012,KPI_noLocalUnits,DET001,32
2012,KPI_noLocalUnits,DFI001,519
2012,KPI_noLocalUnits,DFJ001,15
2012,KPI_noLocalUnits,DFM001,3
2012,KPI_noLocalUnits,DFR001,900
2012,KPI_noLocalUnits,DGA001,14
2012,KPI_noLocalUnits,DGB001,1207
2012,KPI_noLocalUnits,DGE001,34
2012,KPI_noLocalUnits,DGH001,10
2012,KPI_noLocalUnits,DGM001,7
2012,KPI_noLocalUnits,DGN001,240
2012,KPI_noLocalUnits,DGQ001,9
2012,KPI_noLocalUnits,DGR001,86
2012,KPI_noLocalUnits,DGT001,21
2012,KPI_noLocalUnits,DGW001,11
2012,KPI_noLocalUnits,DGY001,102
2012,KPI_noLocalUnits,DHN001,52
2012,KPI_noLocalUnits,DHR001,130
2012,KPI_noLocalUnits,DHT001,14
2012,KPI_noLocalUnits,DHU001,2839
2012,KPI_noLocalUnits,DIE001,131
2012,KPI_noLocalUnits,DIN001,700
2012,KPI_noLocalUnits,DIQ001,18
2012,KPI_noLocalUnits,DIR001,3700
2012,KPI_noLocalUnits,DIS001,50
2012,KPI_noLocalUnits,DIT001,594
2012,KPI_noLocalUnits,DJM001,13
2012,KPI_noLocalUnits,DJO001,10
2012,KPI_noLocalUnits,DJP001,422
2012,KPI_noLocalUnits,DKE001,64
2012,KPI_noLocalUnits,DKG001,41
2012,KPI_noLocalUnits,DKH001,24
2012,KPI_noLocalUnits,DKI001,2
2012,KPI_noLocalUnits,DKM001,184
2012,KPI_noLocalUnits,DKN001,7
2012,KPI_noLocalUnits,DKP001,200
2012,KPI_noLocalUnits,DKR001,116
2012,KPI_noLocalUnits,DKZ001,19
2012,KPI_noLocalUnits,DLA001,17
2012,KPI_noLocalUnits,DLB001,168
2012,KPI_noLocalUnits,DLC001,12
2012,KPI_noLocalUnits,DLI001,4
2012,KPI_noLocalUnits,DLK001,675
2012,KPI_noLocalUnits,DLR001,92
2012,KPI_noLocalUnits,DLS001,10
2012,KPI_noLocalUnits,DLT001,34
2012,KPI_noLocalUnits,DLU001,40
2012,KPI_noLocalUnits,DLV001,28
2012,KPI_noLocalUnits,DLY001,46
2012,KPI_noLocalUnits,DMA001,95
2012,KPI_noLocalUnits,DMC001,1
2012,KPI_noLocalUnits,DMD001,18
2012,KPI_noLocalUnits,DME001,23
2012,KPI_noLocalUnits,DMG001,7800
2012,KPI_noLocalUnits,DMK001,35
2012,KPI_noLocalUnits,DML001,9
2012,KPI_noLocalUnits,DMM001,330
2012,KPI_noLocalUnits,DMN001,703
2012,KPI_noLocalUnits,DMR001,56
2012,KPI_noLocalUnits,DMT001,3
2012,KPI_noLocalUnits,DMU001,6
2012,KPI_noLocalUnits,DMV001,20
2012,KPI_noLocalUnits,DMW001,32
2012,KPI_noLocalUnits,DMX001,528
2012,KPI_noLocalUnits,DMY001,164
2012,KPI_noLocalUnits,DMZ001,11
2012,KPI_noLocalUnits,DNA001,8
2012,KPI_noLocalUnits,DNE001,73
2012,KPI_noLocalUnits,DNG001,37
2012,KPI_noLocalUnits,DNI001,34
2012,KPI_noLocalUnits,DNL001,247
2012,KPI_noLocalUnits,DNO001,398
2012,KPI_noLocalUnits,DNP001,7249
2012,KPI_noLocalUnits,DNZ001,82
2012,KPI_noLocalUnits,DPA001,23
2012,KPI_noLocalUnits,DPE001,38
2012,KPI_noLocalUnits,DPG001,13
2012,KPI_noLocalUnits,DPH001,100
2012,KPI_noLocalUnits,DPK001,92
2012,KPI_noLocalUnits,DPL001,444
2012,KPI_noLocalUnits,DPS001,42
2012,KPI_noLocalUnits,DPT001,172
2012,KPI_noLocalUnits,DPW001,1
2012,KPI_noLocalUnits,DPY001,25
2012,KPI_noLocalUnits,DQA001,2
2012,KPI_noLocalUnits,DRO001,47
2012,KPI_noLocalUnits,DRU001,83
2012,KPI_noLocalUnits,DRW001,30
2012,KPI_noLocalUnits,DSB001,5
2012,KPI_noLocalUnits,DSC001,3
2012,KPI_noLocalUnits,DSD001,15
2012,KPI_noLocalUnits,DSE001,1050
2012,KPI_noLocalUnits,DSG001,1
2012,KPI_noLocalUnits,DSI001,56
2012,KPI_noLocalUnits,DSK001,39
2012,KPI_noLocalUnits,DSL001,13
2012,KPI_noLocalUnits,DSM001,1
2012,KPI_noLocalUnits,DSN001,59
2012,KPI_noLocalUnits,DSO001,19
2012,KPI_noLocalUnits,DSR001,1
2012,KPI_noLocalUnits,DSS001,12
2012,KPI_noLocalUnits,DST001,2
2012,KPI_noLocalUnits,DSV001,64
2012,KPI_noLocalUnits,DSY001,129
2012,KPI_noLocalUnits,DSZ001,130
2012,KPI_noLocalUnits,DTD001,23
2012,KPI_noLocalUnits,DTG001,267
2012,KPI_noLocalUnits,DTH001,341
2012,KPI_noLocalUnits,DTJ001,69
2012,KPI_noLocalUnits,DTL001,13
2012,KPI_noLocalUnits,DTM001,58
2012,KPI_noLocalUnits,DTN001,264
2012,KPI_noLocalUnits,DTO001,3
2012,KPI_noLocalUnits,DTR001,846
2012,KPI_noLocalUnits,DTT001,3
2012,KPI_noLocalUnits,DTZ001,300
2012,KPI_noLocalUnits,DUA001,662
2012,KPI_noLocalUnits,DUG001,51
2012,KPI_noLocalUnits,DUS001,514
2012,KPI_noLocalUnits,DUY001,15
2012,KPI_noLocalUnits,DUZ001,206
2012,KPI_noLocalUnits,DVC001,22
2012,KPI_noLocalUnits,DVE001,24
2012,KPI_noLocalUnits,DVN001,16268
2012,KPI_noLocalUnits,DVU001,32
2012,KPI_noLocalUnits,DWS001,1
2012,KPI_noLocalUnits,DYE001,37
2012,KPI_noLocalUnits,DZA001,34
2012,KPI_noLocalUnits,DZM001,72
2012,KPI_noLocalUnits,DZW001,231
2012,KPI_IncomeLC_CHF,DAD001,1010565
2012,KPI_IncomeLC_CHF,DAE001,178115286
2012,KPI_IncomeLC_CHF,DAF001,12161920
2012,KPI_IncomeLC_CHF,DAG001,58692
2012,KPI_IncomeLC_CHF,DAL001,1465608
2012,KPI_IncomeLC_CHF,DAM001,1382175
2012,KPI_IncomeLC_CHF,DAO001,1968816
2012,KPI_IncomeLC_CHF,DAR001,22862603
2012,KPI_IncomeLC_CHF,DAT001,711237923
2012,KPI_IncomeLC_CHF,DAU001,971680887
2012,KPI_IncomeLC_CHF,DAZ001,2149183
2012,KPI_IncomeLC_CHF,DBA001,1061075
2012,KPI_IncomeLC_CHF,DBB001,222005
2012,KPI_IncomeLC_CHF,DBD001,2281184
2012,KPI_IncomeLC_CHF,DBE001,370062791
2012,KPI_IncomeLC_CHF,DBF001,4685408
2012,KPI_IncomeLC_CHF,DBG001,20088754
2012,KPI_IncomeLC_CHF,DBH001,3104688
2012,KPI_IncomeLC_CHF,DBI001,5295385
2012,KPI_IncomeLC_CHF,DBJ001,356523
2012,KPI_IncomeLC_CHF,DBN001,0
2012,KPI_IncomeLC_CHF,DBO001,872363
2012,KPI_IncomeLC_CHF,DBR001,106937610
2012,KPI_IncomeLC_CHF,DBS001,448632
2012,KPI_IncomeLC_CHF,DBW001,1579884
2012,KPI_IncomeLC_CHF,DBY001,4231970
2012,KPI_IncomeLC_CHF,DBZ001,667204
2012,KPI_IncomeLC_CHF,DCA001,310233838
2012,KPI_IncomeLC_CHF,DCD001,1842524
2012,KPI_IncomeLC_CHF,DCF001,641102
2012,KPI_IncomeLC_CHF,DCG001,1125000
2012,KPI_IncomeLC_CHF,DCH001,464569000
2012,KPI_IncomeLC_CHF,DCI001,1749331
2012,KPI_IncomeLC_CHF,DCK001,762526
2012,KPI_IncomeLC_CHF,DCL001,3404818
2012,KPI_IncomeLC_CHF,DCM001,829051
2012,KPI_IncomeLC_CHF,DCN001,38530503
2012,KPI_IncomeLC_CHF,DCO001,6409388
2012,KPI_IncomeLC_CHF,DCR001,21990939
2012,KPI_IncomeLC_CHF,DRS001,2953164
2012,KPI_IncomeLC_CHF,DCU001,0
2012,KPI_IncomeLC_CHF,DCV001,1697220
2012,KPI_IncomeLC_CHF,DCY001,614139
2012,KPI_IncomeLC_CHF,DCZ001,13099677
2012,KPI_IncomeLC_CHF,DDE001,7271891987
2012,KPI_IncomeLC_CHF,DDJ001,0
2012,KPI_IncomeLC_CHF,DDK001,174611661
2012,KPI_IncomeLC_CHF,DDM001,180236
2012,KPI_IncomeLC_CHF,DDO001,2966824
2012,KPI_IncomeLC_CHF,DDZ001,0
2012,KPI_IncomeLC_CHF,DEC001,12997943
2012,KPI_IncomeLC_CHF,DEE001,1091681
2012,KPI_IncomeLC_CHF,DEG001,4816649
2012,KPI_IncomeLC_CHF,DES001,643736715
2012,KPI_IncomeLC_CHF,DET001,5353415
2012,KPI_IncomeLC_CHF,DFI001,206643720
2012,KPI_IncomeLC_CHF,DFJ001,1030321
2012,KPI_IncomeLC_CHF,DFM001,213476
2012,KPI_IncomeLC_CHF,DFR001,1368699877
2012,KPI_IncomeLC_CHF,DGA001,1570805
2012,KPI_IncomeLC_CHF,DGB001,295481394
2012,KPI_IncomeLC_CHF,DGD001,33520
2012,KPI_IncomeLC_CHF,DGE001,1308870
2012,KPI_IncomeLC_CHF,DGH001,571587
2012,KPI_IncomeLC_CHF,DGM001,1961598
2012,KPI_IncomeLC_CHF,DGN001,148654
2012,KPI_IncomeLC_CHF,DGQ001,25841
2012,KPI_IncomeLC_CHF,DGR001,0
2012,KPI_IncomeLC_CHF,DGT001,5523574
2012,KPI_IncomeLC_CHF,DGW001,490562
2012,KPI_IncomeLC_CHF,DGY001,130535
2012,KPI_IncomeLC_CHF,DHN001,3843280
2012,KPI_IncomeLC_CHF,DHR001,29685710
2012,KPI_IncomeLC_CHF,DHT001,9186402
2012,KPI_IncomeLC_CHF,DHU001,19217227
2012,KPI_IncomeLC_CHF,DID001,0
2012,KPI_IncomeLC_CHF,DIE001,7367150
2012,KPI_IncomeLC_CHF,DIL001,146096519
2012,KPI_IncomeLC_CHF,DIN001,4002657
2012,KPI_IncomeLC_CHF,DIQ001,24851378
2012,KPI_IncomeLC_CHF,DIR001,0
2012,KPI_IncomeLC_CHF,DIS001,10576866
2012,KPI_IncomeLC_CHF,DIT001,374974137
2012,KPI_IncomeLC_CHF,DJM001,1185712
2012,KPI_IncomeLC_CHF,DJO001,411192
2012,KPI_IncomeLC_CHF,DKE001,51247828
2012,KPI_IncomeLC_CHF,DKG001,1419218
2012,KPI_IncomeLC_CHF,DKH001,13708646
2012,KPI_IncomeLC_CHF,DKI001,243083
2012,KPI_IncomeLC_CHF,DKM001,381295
2012,KPI_IncomeLC_CHF,DKN001,0
2012,KPI_IncomeLC_CHF,DKP001,1815157
2012,KPI_IncomeLC_CHF,DKW001,0
2012,KPI_IncomeLC_CHF,DKZ001,4841139
2012,KPI_IncomeLC_CHF,DLA001,3945271
2012,KPI_IncomeLC_CHF,DLB001,8653743
2012,KPI_IncomeLC_CHF,DLC001,79891
2012,KPI_IncomeLC_CHF,DLI001,1413323
2012,KPI_IncomeLC_CHF,DLK001,1058445
2012,KPI_IncomeLC_CHF,DLR001,69421
2012,KPI_IncomeLC_CHF,DLS001,2440672
2012,KPI_IncomeLC_CHF,DLT001,115490
2012,KPI_IncomeLC_CHF,DLU001,81574087
2012,KPI_IncomeLC_CHF,DLV001,10706139
2012,KPI_IncomeLC_CHF,DLY001,509065
2012,KPI_IncomeLC_CHF,DMA001,1331303
2012,KPI_IncomeLC_CHF,DMC001,6389814
2012,KPI_IncomeLC_CHF,DMD001,370021
2012,KPI_IncomeLC_CHF,DME001,1954337
2012,KPI_IncomeLC_CHF,DMG001,1778852
2012,KPI_IncomeLC_CHF,DMK001,1349041
2012,KPI_IncomeLC_CHF,DML001,7215793
2012,KPI_IncomeLC_CHF,DMM001,622473
2012,KPI_IncomeLC_CHF,DMN001,541609
2012,KPI_IncomeLC_CHF,DMR001,1041436
2012,KPI_IncomeLC_CHF,DMT001,191035
2012,KPI_IncomeLC_CHF,DMU001,291124
2012,KPI_IncomeLC_CHF,DMV001,910937
2012,KPI_IncomeLC_CHF,DMW001,2884788
2012,KPI_IncomeLC_CHF,DMX001,20288717
2012,KPI_IncomeLC_CHF,DMY001,1467435
2012,KPI_IncomeLC_CHF,DMZ001,5805187
2012,KPI_IncomeLC_CHF,DNA001,3934799
2012,KPI_IncomeLC_CHF,DNE001,576611
2012,KPI_IncomeLC_CHF,DNG001,1943235
2012,KPI_IncomeLC_CHF,DNI001,1905065
2012,KPI_IncomeLC_CHF,DNL001,99014493
2012,KPI_IncomeLC_CHF,DNO001,197321569
2012,KPI_IncomeLC_CHF,DNP001,6146442
2012,KPI_IncomeLC_CHF,DNZ001,25361613
2012,KPI_IncomeLC_CHF,DPA001,1681521
2012,KPI_IncomeLC_CHF,DPE001,1835587
2012,KPI_IncomeLC_CHF,DPG001,709050
2012,KPI_IncomeLC_CHF,DPH001,28246101
2012,KPI_IncomeLC_CHF,DPK001,3869323
2012,KPI_IncomeLC_CHF,DPL001,30916237
2012,KPI_IncomeLC_CHF,DPS001,56410072
2012,KPI_IncomeLC_CHF,DPT001,0
2012,KPI_IncomeLC_CHF,DPW001,70823
2012,KPI_IncomeLC_CHF,DPY001,7839883
2012,KPI_IncomeLC_CHF,DQA001,48368781
2012,KPI_IncomeLC_CHF,DRO001,6465816
2012,KPI_IncomeLC_CHF,DRU001,191615000
2012,KPI_IncomeLC_CHF,DRW001,3976092
2012,KPI_IncomeLC_CHF,DSA001,0
2012,KPI_IncomeLC_CHF,DSB001,744859
2012,KPI_IncomeLC_CHF,DSC001,12854
2012,KPI_IncomeLC_CHF,DSD001,10209399
2012,KPI_IncomeLC_CHF,DSE001,76355421
2012,KPI_IncomeLC_CHF,DSG001,5622652
2012,KPI_IncomeLC_CHF,DSI001,8504045
2012,KPI_IncomeLC_CHF,DSK001,6289943
2012,KPI_IncomeLC_CHF,DSL001,2184773
2012,KPI_IncomeLC_CHF,DSM001,0
2012,KPI_IncomeLC_CHF,DSN001,579546
2012,KPI_IncomeLC_CHF,DSO001,721258
2012,KPI_IncomeLC_CHF,DSR001,0
2012,KPI_IncomeLC_CHF,DSS001,0
2012,KPI_IncomeLC_CHF,DST001,0
2012,KPI_IncomeLC_CHF,DSV001,4981511
2012,KPI_IncomeLC_CHF,DSY001,0
2012,KPI_IncomeLC_CHF,DSZ001,1816212
2012,KPI_IncomeLC_CHF,DTD001,2301449
2012,KPI_IncomeLC_CHF,DTG001,1767084
2012,KPI_IncomeLC_CHF,DTH001,583472488
2012,KPI_IncomeLC_CHF,DTJ001,1900147
2012,KPI_IncomeLC_CHF,DTL001,1806096
2012,KPI_IncomeLC_CHF,DTM001,1418438
2012,KPI_IncomeLC_CHF,DTN001,0
2012,KPI_IncomeLC_CHF,DTO001,302985
2012,KPI_IncomeLC_CHF,DTR001,129740949
2012,KPI_IncomeLC_CHF,DTT001,0
2012,KPI_IncomeLC_CHF,DTZ001,4701848
2012,KPI_IncomeLC_CHF,DUA001,19349246
2012,KPI_IncomeLC_CHF,DUG001,10475
2012,KPI_IncomeLC_CHF,DUS001,2897566259
2012,KPI_IncomeLC_CHF,DUY001,3893
2012,KPI_IncomeLC_CHF,DUZ001,2233580
2012,KPI_IncomeLC_CHF,DVC001,30552
2012,KPI_IncomeLC_CHF,DVE001,21997
2012,KPI_IncomeLC_CHF,DVU001,1060353
2012,KPI_IncomeLC_CHF,DWS001,1033164
2012,KPI_IncomeLC_CHF,DYE001,992692
2012,KPI_IncomeLC_CHF,DZA001,0
2012,KPI_IncomeLC_CHF,DZM001,1087000
2012,KPI_IncomeLC_CHF,DZW001,2753078
2012,KPI_expenditureLC_CHF,DAD001,938278
2012,KPI_expenditureLC_CHF,DAE001,170266330
2012,KPI_expenditureLC_CHF,DAF001,9721594
2012,KPI_expenditureLC_CHF,DAG001,54782
2012,KPI_expenditureLC_CHF,DAL001,1583458
2012,KPI_expenditureLC_CHF,DAM001,1377480
2012,KPI_expenditureLC_CHF,DAO001,2145969
2012,KPI_expenditureLC_CHF,DAR001,21667398
2012,KPI_expenditureLC_CHF,DAT001,711237923
2012,KPI_expenditureLC_CHF,DAU001,945778347
2012,KPI_expenditureLC_CHF,DAZ001,2005690
2012,KPI_expenditureLC_CHF,DBA001,1061075
2012,KPI_expenditureLC_CHF,DBB001,237942
2012,KPI_expenditureLC_CHF,DBD001,2183818
2012,KPI_expenditureLC_CHF,DBE001,360891901
2012,KPI_expenditureLC_CHF,DBF001,203316
2012,KPI_expenditureLC_CHF,DBG001,20088754
2012,KPI_expenditureLC_CHF,DBH001,1322539
2012,KPI_expenditureLC_CHF,DBI001,5188663
2012,KPI_expenditureLC_CHF,DBJ001,350065
2012,KPI_expenditureLC_CHF,DBN001,0
2012,KPI_expenditureLC_CHF,DBO001,908142
2012,KPI_expenditureLC_CHF,DBR001,106937610
2012,KPI_expenditureLC_CHF,DBS001,473284
2012,KPI_expenditureLC_CHF,DBW001,1566877
2012,KPI_expenditureLC_CHF,DBY001,3869136
2012,KPI_expenditureLC_CHF,DBZ001,639865
2012,KPI_expenditureLC_CHF,DCA001,318879413
2012,KPI_expenditureLC_CHF,DCD001,1761908
2012,KPI_expenditureLC_CHF,DCF001,555340
2012,KPI_expenditureLC_CHF,DCG001,1125000
2012,KPI_expenditureLC_CHF,DCH001,465807000
2012,KPI_expenditureLC_CHF,DCI001,2366244
2012,KPI_expenditureLC_CHF,DCK001,541093
2012,KPI_expenditureLC_CHF,DCL001,4257969
2012,KPI_expenditureLC_CHF,DCM001,819699
2012,KPI_expenditureLC_CHF,DCN001,68964315
2012,KPI_expenditureLC_CHF,DCO001,9225227
2012,KPI_expenditureLC_CHF,DCR001,19468621
2012,KPI_expenditureLC_CHF,DRS001,2950660
2012,KPI_expenditureLC_CHF,DCU001,250471
2012,KPI_expenditureLC_CHF,DCV001,0
2012,KPI_expenditureLC_CHF,DCY001,576917
2012,KPI_expenditureLC_CHF,DCZ001,13702510
2012,KPI_expenditureLC_CHF,DDE001,7271891987
2012,KPI_expenditureLC_CHF,DDJ001,0
2012,KPI_expenditureLC_CHF,DDK001,174096430
2012,KPI_expenditureLC_CHF,DDM001,200975
2012,KPI_expenditureLC_CHF,DDO001,2694189
2012,KPI_expenditureLC_CHF,DDZ001,0
2012,KPI_expenditureLC_CHF,DEC001,12656098
2012,KPI_expenditureLC_CHF,DEE001,1091681
2012,KPI_expenditureLC_CHF,DEG001,2057998
2012,KPI_expenditureLC_CHF,DES001,608231884
2012,KPI_expenditureLC_CHF,DET001,4304481
2012,KPI_expenditureLC_CHF,DFI001,206892908
2012,KPI_expenditureLC_CHF,DFJ001,1032770
2012,KPI_expenditureLC_CHF,DFM001,213476
2012,KPI_expenditureLC_CHF,DFR001,1392727921
2012,KPI_expenditureLC_CHF,DGA001,847848
2012,KPI_expenditureLC_CHF,DGB001,302421737
2012,KPI_expenditureLC_CHF,DGD001,27620
2012,KPI_expenditureLC_CHF,DGE001,1135114
2012,KPI_expenditureLC_CHF,DGH001,618972
2012,KPI_expenditureLC_CHF,DGM001,1787531
2012,KPI_expenditureLC_CHF,DGN001,95425
2012,KPI_expenditureLC_CHF,DGQ001,25648
2012,KPI_expenditureLC_CHF,DGR001,0
2012,KPI_expenditureLC_CHF,DGT001,5026503
2012,KPI_expenditureLC_CHF,DGW001,455944
2012,KPI_expenditureLC_CHF,DGY001,156677
2012,KPI_expenditureLC_CHF,DHN001,4361448
2012,KPI_expenditureLC_CHF,DHR001,28547785
2012,KPI_expenditureLC_CHF,DHT001,8077983
2012,KPI_expenditureLC_CHF,DHU001,19310552
2012,KPI_expenditureLC_CHF,DID001,0
2012,KPI_expenditureLC_CHF,DIE001,9420290
2012,KPI_expenditureLC_CHF,DIL001,148734351
2012,KPI_expenditureLC_CHF,DIN001,2815112
2012,KPI_expenditureLC_CHF,DIQ001,30601518
2012,KPI_expenditureLC_CHF,DIR001,0
2012,KPI_expenditureLC_CHF,DIS001,10018255
2012,KPI_expenditureLC_CHF,DIT001,370802728
2012,KPI_expenditureLC_CHF,DJM001,215359
2012,KPI_expenditureLC_CHF,DJO001,470867
2012,KPI_expenditureLC_CHF,DKE001,46321061
2012,KPI_expenditureLC_CHF,DKG001,1252581
2012,KPI_expenditureLC_CHF,DKH001,6031804
2012,KPI_expenditureLC_CHF,DKI001,245300
2012,KPI_expenditureLC_CHF,DKM001,289654
2012,KPI_expenditureLC_CHF,DKN001,0
2012,KPI_expenditureLC_CHF,DKP001,1789846
2012,KPI_expenditureLC_CHF,DKW001,0
2012,KPI_expenditureLC_CHF,DKZ001,4733020
2012,KPI_expenditureLC_CHF,DLA001,3945271
2012,KPI_expenditureLC_CHF,DLB001,7014052
2012,KPI_expenditureLC_CHF,DLC001,102504
2012,KPI_expenditureLC_CHF,DLI001,1862489
2012,KPI_expenditureLC_CHF,DLK001,964841
2012,KPI_expenditureLC_CHF,DLR001,66689
2012,KPI_expenditureLC_CHF,DLS001,1714380
2012,KPI_expenditureLC_CHF,DLT001,112011
2012,KPI_expenditureLC_CHF,DLU001,81559021
2012,KPI_expenditureLC_CHF,DLV001,9882001
2012,KPI_expenditureLC_CHF,DLY001,748432
2012,KPI_expenditureLC_CHF,DMA001,1125462
2012,KPI_expenditureLC_CHF,DMC001,6979050
2012,KPI_expenditureLC_CHF,DMD001,329780
2012,KPI_expenditureLC_CHF,DME001,1891833
2012,KPI_expenditureLC_CHF,DMG001,1511124
2012,KPI_expenditureLC_CHF,DMK001,1215633
2012,KPI_expenditureLC_CHF,DML001,5087620
2012,KPI_expenditureLC_CHF,DMM001,645377
2012,KPI_expenditureLC_CHF,DMN001,525823
2012,KPI_expenditureLC_CHF,DMR001,804931
2012,KPI_expenditureLC_CHF,DMT001,213678
2012,KPI_expenditureLC_CHF,DMU001,214059
2012,KPI_expenditureLC_CHF,DMV001,925880
2012,KPI_expenditureLC_CHF,DMW001,2693040
2012,KPI_expenditureLC_CHF,DMX001,20615951
2012,KPI_expenditureLC_CHF,DMY001,1065637
2012,KPI_expenditureLC_CHF,DMZ001,5180036
2012,KPI_expenditureLC_CHF,DNA001,4048602
2012,KPI_expenditureLC_CHF,DNE001,504913
2012,KPI_expenditureLC_CHF,DNG001,1261717
2012,KPI_expenditureLC_CHF,DNI001,2319019
2012,KPI_expenditureLC_CHF,DNL001,98647343
2012,KPI_expenditureLC_CHF,DNO001,187993877
2012,KPI_expenditureLC_CHF,DNP001,5818089
2012,KPI_expenditureLC_CHF,DNZ001,40963052
2012,KPI_expenditureLC_CHF,DPA001,1334968
2012,KPI_expenditureLC_CHF,DPE001,1810995
2012,KPI_expenditureLC_CHF,DPG001,693978
2012,KPI_expenditureLC_CHF,DPH001,31166101
2012,KPI_expenditureLC_CHF,DPK001,3383517
2012,KPI_expenditureLC_CHF,DPL001,31272933
2012,KPI_expenditureLC_CHF,DPS001,57214254
2012,KPI_expenditureLC_CHF,DPT001,0
2012,KPI_expenditureLC_CHF,DPW001,42779
2012,KPI_expenditureLC_CHF,DPY001,8027766
2012,KPI_expenditureLC_CHF,DQA001,44706651
2012,KPI_expenditureLC_CHF,DRO001,6533797
2012,KPI_expenditureLC_CHF,DRU001,181944000
2012,KPI_expenditureLC_CHF,DRW001,3902003
2012,KPI_expenditureLC_CHF,DSA001,0
2012,KPI_expenditureLC_CHF,DSB001,690179
2012,KPI_expenditureLC_CHF,DSC001,228039
2012,KPI_expenditureLC_CHF,DSD001,9935486
2012,KPI_expenditureLC_CHF,DSE001,84185541
2012,KPI_expenditureLC_CHF,DSG001,5749261
2012,KPI_expenditureLC_CHF,DSI001,8865516
2012,KPI_expenditureLC_CHF,DSK001,6686457
2012,KPI_expenditureLC_CHF,DSL001,2255290
2012,KPI_expenditureLC_CHF,DSM001,0
2012,KPI_expenditureLC_CHF,DSN001,581188
2012,KPI_expenditureLC_CHF,DSO001,18278
2012,KPI_expenditureLC_CHF,DSR001,0
2012,KPI_expenditureLC_CHF,DSS001,0
2012,KPI_expenditureLC_CHF,DST001,0
2012,KPI_expenditureLC_CHF,DSV001,5122128
2012,KPI_expenditureLC_CHF,DSY001,0
2012,KPI_expenditureLC_CHF,DSZ001,1701486
2012,KPI_expenditureLC_CHF,DTD001,2286719
2012,KPI_expenditureLC_CHF,DTG001,1750507
2012,KPI_expenditureLC_CHF,DTH001,365258527
2012,KPI_expenditureLC_CHF,DTJ001,1840982
2012,KPI_expenditureLC_CHF,DTL001,1746422
2012,KPI_expenditureLC_CHF,DTM001,1166554
2012,KPI_expenditureLC_CHF,DTN001,0
2012,KPI_expenditureLC_CHF,DTO001,362328
2012,KPI_expenditureLC_CHF,DTR001,25133698
2012,KPI_expenditureLC_CHF,DTT001,0
2012,KPI_expenditureLC_CHF,DTZ001,4695971
2012,KPI_expenditureLC_CHF,DUA001,19338309
2012,KPI_expenditureLC_CHF,DUG001,9028
2012,KPI_expenditureLC_CHF,DUS001,3057149517
2012,KPI_expenditureLC_CHF,DUY001,1710
2012,KPI_expenditureLC_CHF,DUZ001,2175280
2012,KPI_expenditureLC_CHF,DVC001,36050
2012,KPI_expenditureLC_CHF,DVE001,20134
2012,KPI_expenditureLC_CHF,DVU001,157425
2012,KPI_expenditureLC_CHF,DWS001,890272
2012,KPI_expenditureLC_CHF,DYE001,992692
2012,KPI_expenditureLC_CHF,DZA001,0
2012,KPI_expenditureLC_CHF,DZM001,1100000
2012,KPI_expenditureLC_CHF,DZW001,2723679
